{
  "3f87748a_91ad681e": {
    "wins": 63.0,
    "total": 100
  },
  "16c4aa9a_de629bfa": {
    "wins": 30.0,
    "total": 100
  },
  "38e99063_49bf024f": {
    "wins": 46.0,
    "total": 100
  },
  "3298d08b_9e455f26": {
    "wins": 536.98,
    "total": 1000
  },
  "0c9bf347_c4987ac5": {
    "wins": 47.0,
    "total": 100
  },
  "14f44a2c_14f44a2c": {
    "wins": 56.99999999999999,
    "total": 100
  },
  "1781e653_1781e653": {
    "wins": 54.0,
    "total": 100
  },
  "de629bfa_de629bfa": {
    "wins": 48.0,
    "total": 100
  },
  "49bf024f_ce73cbeb": {
    "wins": 49.0,
    "total": 100
  },
  "ec0685f5_f6afee24": {
    "wins": 725.9799999999999,
    "total": 1000
  },
  "ea36ca9b_ea36ca9b": {
    "wins": 47.0,
    "total": 100
  },
  "908a5472_908a5472": {
    "wins": 46.0,
    "total": 100
  },
  "c5df0aea_c5df0aea": {
    "wins": 44.0,
    "total": 100
  },
  "e042049b_f69bf2ac": {
    "wins": 37.0,
    "total": 100
  },
  "14f44a2c_f4037c8f": {
    "wins": 529.97,
    "total": 1000
  },
  "96120fb4_f4037c8f": {
    "wins": 23.0,
    "total": 100
  },
  "1781e653_ec0685f5": {
    "wins": 501.02000000000004,
    "total": 1000
  },
  "40f300ff_de629bfa": {
    "wins": 50.0,
    "total": 100
  },
  "39e3334b_5a55b78d": {
    "wins": 60.0,
    "total": 100
  },
  "5bdacfff_5bdacfff": {
    "wins": 40.0,
    "total": 100
  },
  "3f87748a_ea36ca9b": {
    "wins": 63.0,
    "total": 100
  },
  "541b73d1_541b73d1": {
    "wins": 50.0,
    "total": 100
  },
  "9e455f26_f69bf2ac": {
    "wins": 57.99999999999999,
    "total": 100
  },
  "2aa060e0_a4723747": {
    "wins": 41.0,
    "total": 100
  },
  "56678a05_9659a86b": {
    "wins": 54.0,
    "total": 100
  },
  "65504d0e_de629bfa": {
    "wins": 25.0,
    "total": 100
  },
  "15b87e4f_de629bfa": {
    "wins": 36.0,
    "total": 100
  },
  "ec0685f5_ec0685f5": {
    "wins": 48.0,
    "total": 100
  },
  "3c64cf0d_c5df0aea": {
    "wins": 71.0,
    "total": 100
  },
  "0c9bf347_be68f22b": {
    "wins": 36.0,
    "total": 100
  },
  "61c87b0c_61c87b0c": {
    "wins": 51.0,
    "total": 100
  },
  "be68f22b_c4987ac5": {
    "wins": 46.0,
    "total": 100
  },
  "4d70a600_9659a86b": {
    "wins": 48.0,
    "total": 100
  },
  "04ba7a86_1781e653": {
    "wins": 88.0,
    "total": 100
  },
  "99c1cd82_de629bfa": {
    "wins": 56.99999999999999,
    "total": 100
  },
  "4d4ed5fa_4d4ed5fa": {
    "wins": 48.0,
    "total": 100
  },
  "4cfb090b_4d4ed5fa": {
    "wins": 77.0,
    "total": 100
  },
  "660df5a7_de629bfa": {
    "wins": 52.0,
    "total": 100
  },
  "541b73d1_a3511c74": {
    "wins": 38.0,
    "total": 100
  },
  "14f44a2c_96120fb4": {
    "wins": 812.02,
    "total": 1000
  },
  "bdfb1c03_c5df0aea": {
    "wins": 84.0,
    "total": 100
  },
  "24d1eb59_de629bfa": {
    "wins": 24.0,
    "total": 100
  },
  "89e1b8c7_ec0685f5": {
    "wins": 13.0,
    "total": 100
  },
  "1781e653_66f94ea4": {
    "wins": 51.0,
    "total": 100
  },
  "61c87b0c_6cec31ce": {
    "wins": 25.0,
    "total": 100
  },
  "2a2250a5_5bdacfff": {
    "wins": 100.0,
    "total": 100
  },
  "61c87b0c_b28876c5": {
    "wins": 28.999999999999996,
    "total": 100
  },
  "908a5472_f27acd06": {
    "wins": 42.0,
    "total": 100
  },
  "47eb3d23_61c87b0c": {
    "wins": 79.0,
    "total": 100
  },
  "783ab34f_91ad681e": {
    "wins": 91.0,
    "total": 100
  },
  "3298d08b_d50b3947": {
    "wins": 463.96,
    "total": 1000
  },
  "0cf6741e_91ad681e": {
    "wins": 33.0,
    "total": 100
  },
  "3d713bdd_5bdacfff": {
    "wins": 94.0,
    "total": 100
  },
  "2a2250a5_3d713bdd": {
    "wins": 78.0,
    "total": 100
  },
  "140376ae_541b73d1": {
    "wins": 26.0,
    "total": 100
  },
  "4b468366_c5df0aea": {
    "wins": 664.0200000000001,
    "total": 1000
  },
  "43e4ed41_541b73d1": {
    "wins": 132.95999999999998,
    "total": 1000
  }
}