{
  "3f87748a_91ad681e": {
    "wins": 63.0,
    "total": 100
  },
  "16c4aa9a_de629bfa": {
    "wins": 30.0,
    "total": 100
  },
  "38e99063_49bf024f": {
    "wins": 46.0,
    "total": 100
  },
  "3298d08b_9e455f26": {
    "wins": 57.99999999999999,
    "total": 100
  },
  "0c9bf347_c4987ac5": {
    "wins": 47.0,
    "total": 100
  },
  "14f44a2c_14f44a2c": {
    "wins": 56.99999999999999,
    "total": 100
  },
  "1781e653_1781e653": {
    "wins": 54.0,
    "total": 100
  },
  "de629bfa_de629bfa": {
    "wins": 48.0,
    "total": 100
  },
  "49bf024f_ce73cbeb": {
    "wins": 49.0,
    "total": 100
  },
  "ec0685f5_f6afee24": {
    "wins": 76.0,
    "total": 100
  },
  "ea36ca9b_ea36ca9b": {
    "wins": 47.0,
    "total": 100
  },
  "908a5472_908a5472": {
    "wins": 46.0,
    "total": 100
  },
  "c5df0aea_c5df0aea": {
    "wins": 44.0,
    "total": 100
  },
  "e042049b_f69bf2ac": {
    "wins": 37.0,
    "total": 100
  },
  "14f44a2c_f4037c8f": {
    "wins": 50.0,
    "total": 100
  },
  "96120fb4_f4037c8f": {
    "wins": 23.0,
    "total": 100
  },
  "1781e653_ec0685f5": {
    "wins": 53.0,
    "total": 100
  },
  "40f300ff_de629bfa": {
    "wins": 50.0,
    "total": 100
  },
  "39e3334b_5a55b78d": {
    "wins": 60.0,
    "total": 100
  },
  "5bdacfff_5bdacfff": {
    "wins": 40.0,
    "total": 100
  },
  "3f87748a_ea36ca9b": {
    "wins": 63.0,
    "total": 100
  },
  "541b73d1_541b73d1": {
    "wins": 50.0,
    "total": 100
  },
  "9e455f26_f69bf2ac": {
    "wins": 57.99999999999999,
    "total": 100
  },
  "2aa060e0_a4723747": {
    "wins": 41.0,
    "total": 100
  },
  "56678a05_9659a86b": {
    "wins": 54.0,
    "total": 100
  },
  "65504d0e_de629bfa": {
    "wins": 25.0,
    "total": 100
  }
}